{
    "name": "Hypertus NPC Extension Human cocks and legs only",
    "description": "\nThis mod replaces EVERY species (yes even the modded one but only after 0.1.0 (the skin update)) files and will likely break in the future. [b][i]This version doesn't make NPC spawn with anus womb[/i][/b]\n[b]Android is not supported due to limitation on BDCC.pck loading first[/b]\n\n[u][b]!!!!! MAKE SURE THAT THIS MOD IS ABOVE EVERYTHING ELSE ON THE MOD LOADER !!!!![/b][/u]",
    "author": "CanInBad, Modded by: NatRobloxian",
    "modversion": "R1",
    "gameversion": "0.1.2"
}