{
    "name": "WintersHumanRemovals",
    "description": "In line with other attempts to limit humans spawning in BDCC, this mod sets human generation weights to zero so none will spawn by default. In addition changes Mirri to have a feline head and the announcer to be a wolf. This does not replace any files. CHANGELOG: Mod created. NOTE: @ me or make a thread if anything is broken. There is a Kofi link in my discord Bio if anyone wants to show financial appreciation for my time.",
    "author": "Avery Winters",
    "modversion": "1.0",
    "gameversion": "*"
}