{
    "Winters Equine Penis Collection": {
        "moduleid": "WintersEquinePenisCollection",
        "author": "Avery Winters",
        "files": [
            "res://Modules/WintersEquineCollection/CompatibilityPatches/Hypertus/EquinePenisBarbHyper.gd",
			"res://Modules/WintersEquineCollection/CompatibilityPatches/Hypertus/EquinePenisBarbKnotHyper.gd",
			"res://Modules/WintersEquineCollection/CompatibilityPatches/Hypertus/EquinePenisKnotHyper.gd",
			"res://Modules/WintersEquineCollection/CompatibilityPatches/Hypertus/EquinePenisTaperedHyper.gd"
        ],
		"skinPathDir": "res://Modules/WintersEquineCollection/CompatibilityPatches/Hypertus/Partskins"
    }
}