{"name": "Piercings Mod", 
"description": 
"Adds customizable version of Risha piercings for every base game species, sold in medical vendomat, (modded species are also planned to be covered). You can choose what specific parts of the set you want to see on your character. They're dyeable too.
\n\n
For yet unsupported species game chooses random model upon equipping - so you could possibly try to make some of them fit.
\n\n
@ me on game's discord (#mods-discussion channel) if you find any bugs or suggestions."
,
"author": "_noro_", 
"modversion": "1.0", 
"gameversion": "*"}