{
  "name": "BodyDrugs",
  "description": "Allows you to change bodyparts and porportions with pills.\n Should be usable on newer versions\nNew Additions:\nThickness and Femininity pills as well as more options for plain body modification\nA new attack for Only this mods pills. Does Not edit other mods pills\nA new debug pill Turbo Conception, because normal Conception is just too slow.\nFixxes:\nChanged mod ID as the old one broke for some reason\nGave pills their own debug catagory to help with testing... and cheating",
  "author": "Darth",
  "modversion": "2.1",
  "gameversion": "0.1.7fix1"
}