{
    "name": "AnonsAvianSpecies",
    "description": "A combined avian pack with species for birds, gryphons and hippogryphs. Avians will spawn with tapered penises if the mod is installed. The crow species has now had its parts rolled into the Avian species and can spawn in with all the other bird types. Included compatability for hypertus. CHANGELOG: Fixed a crash with WingedBody and with TaperedPenises compatability. NOTE: Since these run new Mod ID's doesnt hurt to back up your saves, or wait till your starting a new game to update.",
    "author": "Original: Anon, Updates: Avery Winters & Winter 'Eira",
    "modversion": "1.3",
    "gameversion": "*"
}