{
    "name": "WintersPokemonCollection",
    "description": "CURRENTLY ONLY INCLUDES EEVEE, JOLTEON, FLAREON, GLACEON, VAPOREON & ESPEON. A grouped mod for the various pokemon eeveelutions in a single file updated to handle being coloured and skins. Original Mods by Eurygrey and AverageAce updated Espeon, Leafeon and Sylveon which I have bundled up with the rest which were updated by me. CURRENTLY ONLY INCLUDES EEVEE, ESPEON, FLAREON, GLACEON, JOLTEON, UMBREON & VAPOREON.",
    "author": "Avery Winters & AverageAce & Eurygrey",
    "modversion": "0.7",
    "gameversion": "0.1.8"
}