{
  "author": "Ranchar",
  "name": "Portal Expansion",
  "modversion": "0.0.4",
  "gameversion": "0.1.1",
  "description": "This mods adds additional portal content.\nCurrently it only has a few scenes, but more are planned.\nCurrently the mod adds four items: an improved version of the portal panties, portal fleshlights, portal rings and the portal configurator (for changing settings).\nChangelog:\nAdded conditions to various buttons so you should no longer be able to see scenes for bodyparts you don't have.",
}