{
  "author": "Ranchar",
  "name": "Portal Expansion",
  "modversion": "0.1.2",
  "gameversion": "0.1.1",
  "description": "This mods adds additional portal content.\nCurrently it only has a few scenes, but more are planned.\nCurrently the mod adds four items: an improved version of the portal panties, portal fleshlights, portal rings and the portal configurator (for changing settings).\nChangelog:\nFixed crash when accessing vendomat (again), added more scenes. Fixed crash when attempting to attach portal rings. Twice.",
}