{
  "author": "Ranchar",
  "name": "Portal Expansion",
  "modversion": "0.0.3",
  "gameversion": "0.1.1",
  "description": "This mods adds additional portal content.\nCurrently it only has a few scenes, but more are planned.\nCurrently the mod adds four items: an improved version of the portal panties, portal fleshlights, portal rings and the portal configurator (for changing settings).\nChangelog:\nFixed portal ring variations being obtainable when not intended.\nAdded messages when attaching portal rings and modified effects of portal rings when multiple linked rings are attached.\nFixed crashes with rollback in some scenes, but not every case.\nFixed incorrectly triggering sleeping and shower scenes.",
}