{
  "name": "Clothing Revamp",
  "description": "The actions to displace clothes such as 'open shirt' can now be applied by selecting a worn item in the inventory screen. This applies to all uniforms & underwear (that you can get without cheats). Each action has new visuals to go along with it. Compatible with the 'MoreUniforms' mod as well. Clothing items which share textures - like 'sporty' items - have been given their own appearance (e.g. stripes), to better distinguish them.",
  "author": "bringlebangul",
  "modversion": "1.3",
  "gameversion": "*"
}
