{
    "name": "Moldy Tub's Generic NPC Portrait Replacer",
    "description": "\n\nReplaces the human-looking generic NPC portait with species specific versions.\nCovers all base game species.\n\nMod Species -- with thier own portrait:\n-bat\n-shark\n-skulldog\n\nMod Species -- that reuse existing ones:\n-easterndragon\n-kobold\n-nightstalker\n-puro\n-seahorse\n-snake\n\nFor unsupported mod species, portrait will default to a generic canine.\n\nFor modders, you can open [Module.gd] for instructions on how to customize your species' generic portrait.\nUsing either an existing one from this mod or you own art.\n\nCHANGELOG:\n2.0.0\n-CHANGED: multiple portraits and different species support\n\n1.0.1\n-initial release",
    "author": "\nArt (minus the horse) - by [color=#5865F2][wave amp=50 freq=6]MoldyT[/wave][/color]\nCode - by Lucci-213",
    "modversion": "2.0.0 - 2025-DEC-10",
    "gameversion": "0.1.12fix4"
}