{
    "name": "Hypertus",
    "description": "\n[b]WARNING: This contains hyper stuff, if you dislike it then leave[/b]\n\nHypertus adds new bodyparts that mirror the looks of bodyparts and have new features to play with.\n\nThese features includes:\n * New skill tree and perks for categories of bodyparts. Gain XP everyday!\n * Go beyond the limit vanilla gives.\n * Compatibility layers to add additional bodyparts and override species with easy JSON format!\n\nIf you want NPC to have those bodyparts then please install additional mod; Hypertus Species Compatibility Layers.\n\nHas compatibility layer between these mods:\n - Synth Bodyparts\n - Fluffy Bodyparts\n - Avali Species Bodyparts\n - Ace's Aviary Addon Bodyparts\n - Trans Scar Chest\n - Crow Species Bodyparts\n - Deer Species Bodypart\n - Knotted Horse Cock\n - Barbed Equine Penis\n - Spined Dragon Penis\n\nIf you have any feedback send it in #mods-discussion and ping me,\nor open an issue on [url]https://github.com/CanInBad/HypertusMod/issues[/url].\n\n# Changelog\n * hotfix for 0.1.9 by removing the sexactivity, this means that you won't able to change the attrubute while doing the deed. This feature will come back next update\n * possible fix for #20 by removing requirement for perks",
    "author": "CanInBad",
    "modversion": "R6-4",
    "gameversion": "0.1.9,0.1.4,0.1.5,0.1.6,0.1.7,0.1.8"
}