{
    "Winters Fluffy Bodyparts": {
        "moduleid": "WintersFluffyBodyparts",
        "author": "Art:Anon and Max-Maxou, Forked: Avery Winters",
        "files": [
            "res://Modules/WintersFluffyBodyparts/CompatibilityPatches/Hypertus/FluffyBreastsHyper.gd",
            "res://Modules/WintersFluffyBodyparts/CompatibilityPatches/Hypertus/FluffyMaleBreastsHyper.gd"
        ],
		 "species": {
            "canine": "res://Modules/WintersFluffyBodyparts/CompatibilityPatches/Hypertus/HyperFluffyCanine.gd",
			"equine": "res://Modules/WintersFluffyBodyparts/CompatibilityPatches/Hypertus/HyperFluffyEquine.gd",
			"feline": "res://Modules/WintersFluffyBodyparts/CompatibilityPatches/Hypertus/HyperFluffyFeline.gd"
		 }
    }
}	