{
    "name": "UwuSpeak",
    "description": "Adds a perk that allows you to speak like those internet catfolk.\nConfigurable with FoxLib, which can allow you to make NPCs and the player use UwuSpeak under some conditions.\n\nVersion 1.3:\n-Added an optional fix for static characters' lust after battle.\n-Added options regarding strictness of eligibility conditions.\n\nEnjoy, and please tell me of any issues!",
    "author": "[color=#f776ff]Selinoccino[/color]",
    "modversion": "1.3",
    "gameversion": "0.1.12fix4",
}