{
    "name": "Snoot Gear",
    "description": "\n\nFor those long in the snoot. \n\nMakes head gear somewhat fit on the heads of modded species. \nNo guarantees, might still look misaligned, but it's better than the default. \n\nSPECIES INCLUDED:\n• Borzoi\n• Cow/Bovine\n• Felkin\n• Protogen\n• Sergal\n• Southern Sergal\n• Synth\n\n GEAR INCLUDED:\n• Blindfold\n• HypnoVisor (black)\n• HypnoVisor (pink)\n From More BDSM Stuff - by DrDurka\n• Leather Blindfold\n• Leather Muzzle\n• Bondage Hood\n• Latex Muzzle\n• Latex Ring Muzzle\n\n1.1.4\n-FIXED: Muzzles for Cow/Bovine\n\n1.1.3\n-CHANGED: Bondage hood redesign\n\n1.1.2\n-FIXED: Cow/Bovine muzzle\n\n1.1.1\n-ADDED: Basket Muzzle for Southern Sergal\n\n1.1.0\n-CHANGED: Mod name to Snoot Gear, formerly Blindfolds for Snoots\n-ADDED: Cow/Bovine species\n-ADDED: Muzzles from More BDSM Stuff\n\n1.0.9\n-CHANGED: Code clean up\n\n1.0.8\n-CHANGED: Optimized module loading compatibility code\n\n1.0.6\n-CHANGED: Layering issues with Leather Muzzle from More BDSM Stuff. Increased Transaltion to 0.01 for all items\n\n1.0.5\n-initial release\n\n",
    "author": "Lucci-213",
    "modversion": "1.1.4 - 2025-NOV-06",
    "gameversion": "0.1.11fix1"
}