{
    "name": "WintersEquinePenises",
    "description": "A grouped mod for the various equine penis mods in a single file with skin support for almost all skins on each option. Compatability: BallsExtra & Hypertus Changelog: Tidied species generation. Base game species should have a 40% ish chance to spawn with an equine penis. Knotted variants on canines, barbed variants on felines, flared variants on equines.",
    "author": "Avery Winters",
    "modversion": "1.4",
    "gameversion": "*"
}