{
	"name": "Fellini Mod",
	"description": "\n\n[color=#e9be76][b][u]♡ Fellini Mod 1.3 ♡[/u][/b][/color]\n\nAdds 9 cosmetic items and 2 bodyparts, all based on Pulchra Fellini from ZZZ.\n\nThese include:\nBoots, Choker, 2 Crop tops (dyeable), Jacket, Mask, Leg puches, Shorts, Gloves, Fellini hair and Fellini tail\n\nAll cosmetic items can be bought from the vendomat, bought from the announcer or dropped by Pulchra NPC (datapack not included with this mod)\n\nUpdate 1.1:\n-Added a couple of scripts and items that enable the quests from Pulchra Fellini datapack to function.\n\nUpdate 1.2:\n-Fixed the Error! button showing up in the yard\n-Added more scripts to allow the datapack to function properly\n-Added the ability to wear the choker\n-Added Fellini gloves\n\nUpdate 1.3\n[color=#7F7F7F][Debugging and options update][/color]\n\n-Improved Debug menu\n-Debug menu now available without finishing prologue\n-Added global mod options that synchronize across saves\n  (Access them by talking to Pulchra in the yard)\n-Added Fellini Tail species options (Feline by default)\n-Added Fellini Hair options for NPC spawns (disabled by default)\n-Balance changes for Fellini clothes (nerf)\n\n[color=#7F7F7F][Tested on Windows, Linux and Android][/color]",
	"author": "Mari",
	"modversion": "1.3",
	"gameversion": "0.1.11fix1"
}