{
    "name": "AnonsAquaticSpecies",
    "description": "Packaged the Shark Species and the seahorse species under one mod since they share a body to minimise duplicating parts unnessecarily Also updating the names of species to AnonsNameSpecies so they stay together in mod lists to keep things tidy. Has built in hypertus compatibility CHANGELOG: Made seahorses always generate bald to avoid fin conflicts. NOTE: Since these run new Mod ID's doesnt hurt to back up your saves, or wait till your starting a new game to update.",
    "author": "Original: Anon, Updates: Avery Winters & Winter Eira",
    "modversion": "1.2",
    "gameversion": "*"
}