{
    "name": "HumanReplacerV2",
    "description": "Nothing motivates you like undying, seething hatred. Replaces *all* human parts with a feline counterpart, and the species itself is renamed to a variant of furless cats. Done in such a way that any existing human characters will have their new feline traits, all of it has been replaced. If you remember the old version, various fixes have been made, including ear skins, and the character Mirri",
    "author": "Anon",
    "modversion": "2",
    "gameversion": "*"
}