{
	"name": "DatapackCharacterToPlayer",
	"description": "\nAllows you to use characters from datapacks as the player character on a new save.\n\nBy default, their name, personality, fetishes, and unique clothes are also imported (clothes will be added to your inventory at the start of the game); you can omit any of these during the import process, if you wish.\n\nIf you encounter any issues, please contact the author directly in the official Discord server\n\nv2.0: updated for 0.1.12",
	"author": "MOON_HALO",
	"modversion": "2.0",
	"gameversion": "*"
}