{
	"name": "DatapackCharacterToPlayer",
	"description": "\nAllows you to use characters from datapacks as the player character on a new save.\n\nBy default, their name, personality, fetishes, and unique clothes are also imported (clothes will be added to your inventory at the start of the game); you can omit any of these during the import process, if you wish.\n\nv1.1: removed the need for players to manually load their datapacks; minor improvements",
	"author": "MOON_HALO",
	"modversion": "1.1",
	"gameversion": "*"
}