{
    "name": "An Apple A Day",
    "description": "Adds exciting new uses for apples. Now with apple pies.\nVersion 1.2:\n-Added apple pies, which can be randomly found on engineers, inmates and guards, with varying quality.\n-Probably fixed some stuff, but I couldn't tell you what. Probably something dialogue or text related.\n-Added different variations of reactions to doing apple stuff from characters (only in battle), based on their personality (smth like the modular dialogue system). So far this is limited to eating apple pies (with a small-ish chance) and missing when throwing an apple at someone.\n-Also fixed apple throwing armor scaling.",
    "author": "Selinoccino",
    "modversion": "1.2",
    "gameversion": "0.1.11fix1",
}