{
    "name": "WintersTaperedPenises",
    "description": "A collection of the Tapered penises from the Aviary mod. Decided to seperate these off solo so that they can be used with other mods and species that would benefit from slits and tapered penises without needing a whole race as a dependency. Has built in hypertus compat and JSON for mod browser compat. CHANGELOG: Fixed filepaths causing crashes when used with hypertus. NOTE: Since these run new Mod ID's doesnt hurt to back up your saves, or wait till your starting a new game to update.",
    "author": "Original: Anon, Updates: Avery Winters & WinterEira",
    "modversion": "1.1",
    "gameversion": "*"
}