{
    "name": "Hypertus",
    "description": "\n[b]WARNING: This contains hyper stuff, if you dislike it then leave[/b]\nThis mod [color=yellow][u][b]adds[/b][/u][/color] bodyparts that are infused with \"Bluespace anomalies\" that enhance them enough to become unstable size wise.\n\nThe \"Bluespace anomalies\" in question can be activated with a skill tree that added by this mod.\n\nTo gain the tree's experience, you have to invest some points in to vanilla perks.\n\n[u][b]Some or all perks might be hidden due to incompatible bodyparts!!![/b][/u]\n\nThere is no story in this version yet, but the perks and bodyparts might not break in the future\n\nOnly the player can get it at this time and I might not make it spawn with dynamic NPC\n\nHas compatibility layer between these mods:\n - Synth Species\n - Knotted Horse Cock\n - Fluffy Bodyparts\n - Avali Species (both version)\n - Ace's Aviary Addon\n\nif you have any feedback send it in #mods-discussion and ping me\nor open an issue on [url]https://github.com/CanInBad/HypertusMod[/url]",
    "author": "CanInBad",
    "modversion": "R2-hotfix2",
    "gameversion": "0.1.1"
}