{
    "name": "Nudity Police",
    "description": "\n\nNudity will not go unpunished! \n\nMod Features:\n• Guards will approach you or any inmate walking around naked \n• Defeat or Surrender will result in a special uniform being equipped \n  ↳ This new inmate uniform is also a piece of bondage gear \n  ↳ It will be hard to remove and block any Exhibitionism perks that require full nudity :) \n  ↳ The new uniform will NOT fully block access to your dick/pussy/butt/boobs \n  ↳ Parts become accessible when Lust>50, or if new uniform is damaged \n• New events that make the Player and NPCs lose clothes \n• Ability to steal another inmate's clothes \n  ↳ Available after a fight, or when an inmate is incapacitated \n• Clothing damage after combat \n\nPing me for bugs, typos, and feedback \n\nEvents that can force Nudity:\nAfter a shower - PC/NPC \nWhen waking up - PC only \nAfter losing fight - PC/NPC \nWhen recovering/unconscious - PC/NPC \nWhen stuck in stocks/slutwall - PC/NPC \n\nKnown Issues:\n• Does not trigger in off-limits areas, Guard escorts you out instead \n• Clothing Damage inconsistency \n\nVersion History: \n1.3.13\n-CHANGED: Remove naked freeroam in the morning\n-CHANGED: Adjusted default cooldown values\n\n1.3.12\n-FIXED: Compatibility with More BDSM Stuff v0.36fix2 / Armbinder, Arm Muff Bondage\n-REMOVED: Notorious Nudist Perk removed, currently does nothing due to Police changes \n\n1.3.11\n-CHANGED: Nudity Police chance is now a flat 5%\n-CHANGED: Added cooldown between Nudity Police attempts \n-ADDED: Mod options for Police chance and cooldown\n\n1.3.10\n-CHANGED: Tweaked base chances for the Guard Straitjacket event\n-CHANGED: Perks (Exposure Theraphy, Notorious Nudist) now greatly reduce chance for Guard Straitjacket event\n--Reduction is also based on Exhibitionism Skill level\n\n1.3.9\n-FIXED: Datapack characters endless Replace Clothes loop\n\n1.3.8 \n-FIXED: Showering animations \n-FIXED: Eliza's Straitjacket no longer displays a character's Penis\n-FIXED: Eliza's Straitjacket and Rope Harness z-layering issues \n-FIXED: MoreBDSMstuff compatibility with Latex Suit\n\n1.3.7 \n-ADDED: Mod Options to adjust Sleep/Shower Thief event (requires FoxLib) \n-ADDED: Perk - Exposure Therapy - allows exposing of downed inmates \n-ADDED: Perk - Notorious Nudist - reduces Guard Straitjacket encounter rate \n-CHANGED: Sleep Thief Chase, modified results if PC is restrained \n-CHANGED: Sleep/Shower Thief event base chance reduced \n-CHANGED: Jacket sell price reduced to 3\n\n1.3.6\n-CHANGED: Reduced frequency of NPC events to lower the number of inmates locked in jackets\n\n1.3.5\n-CHANGED: Sleep Thief Chase, modified results\n\n1.3.4\n-CHANGED: Lowered chance for Sleep Thief event, from 33% to 20% \n-FIXED: Compatibility with More BDSM stuff by DrDurka\n\n1.3.3\n-ADDED: A proper Fight/Resist option during first encounter with Guards while naked \n-ADDED: Option to chase and fight the inmate that steals your clothes when you wake up \n-ADDED: Mod compatibility: Inconvenient Showers - by Calumny \n-CHANGED: Straitjacket tightness level resets up to 50% on a new day \n-CHANGED: Clothing damage after fights, affects both loser (60% chance) & winner (15% chance) \n\n1.3.2\n-ADDED: Strip inmates stuck in stocks/slutwall \n-ADDED: Expose inmates stuck in stocks/slutwall \n-ADDED: Strip unconscious inmates \n\n1.3.1\n-ADDED: Strip downed/recovering inmates \n\n1.3.0 \n-ADDED: Clothing damage for the new straitjacket \n-ADDED: Clothing damage when losing a fight \n-CHANGED: Boobs are no longer blocked when horny \n-CHANGED: Chance to damage clothes when stealing one from an inmate\n\n1.2.3 \n-FIXED: Start up crash due to adding new Restraint Type \nRemoved new Restraint Type for now \n-ADDED: Latex Straitjacket (from Eliza) compatibility with mods \n\n1.2.2\n-ADDED: Steal another inmate's clothes. \nIf you are naked and win a fight, you have the option of taking an inmate's clothes for you own. \n-ADDED: Mod support \nModded gloves or similar armwear no longer spawns extra arms. Supported mods are:\nStriped Clothing - by Phobos \nMore BDSM Stuff - by DrDurka \n-CHANGED: Reduced Guard encounter rate \nGuards are no longer guaranteed to approach you if you are naked. Chance is around 33% to 80% based on exposure. \n\n1.2.1\n-ADDED: NPC support.\nInmates can now lose clothes, be confronted by Guards, and be equipped with the new uniform if the inmate loses.\nInmates can also recover their clothes if they end up naked (Thanks to Mindstormsman)\n-ADDED: New events that force nudity for both the PC and NPCs\n-CHANGED: New uniform no longer visually hides dicks.\nWas having issues during sex scenes where you would be at full Lust and actively railing someone but your penis was still invisible.\nSchlongs will now be fully visible and accessible while wearing the new equipment.\nButtholes and vaginas will be hidden and blocked from sex unless you are horny (Lust > 50).\n-FIXED: Removed leftover test files\n\n1.0.3\n-FIXED: Inmate Straitjacket no longer disappears in scenesn\n\n1.0.2\n-CHANGED: Inmate Straitjacket restraint level, from static 5, to random\n-CHANGED: Inmate Straitjacket smart lock level threshold increased\n\n1.0.1\n-FIXED: typos\n\n1.0.0\n-initial release\n\n",
    "author": "Lucci-213",
    "modversion": "1.3.13 - 2025-OCT-25",
    "gameversion": "0.1.11fix1"
}