{
    "name": "An Apple A Day",
    "description": "Adds exciting new uses for apples. Now with knee-shots.\nVersion 1.5:\n-Added apple cream pies, which, like regular apple pies, can be found randomly on engineers, inmates and guards. Apple cream pies' quality depends on the quality of the cream.\n-Added a perk that adds a knock-down chance to your apple throws.\n-Added cooking. You can now cook apple-related stuff in your cell after building a stove.",
    "author": "Selinoccino",
    "modversion": "1.5",
    "gameversion": "0.1.12fix2",
}