{
    "name": "Nudity Police",
    "description": "\n\nNudity will not go unpunished! \n\nMod Features:\n• Guards will approach you or any inmate walking around naked \n• Defeat or Surrender will result in a special uniform being equipped \n• This new inmate uniform is also a piece of bondage gear \n• It will be hard to remove and block any Exhibitionism perks that require full nudity :) \n• The new uniform will NOT block access to your dick/pussy/butt, so you can still have sex while wearing it \n• New events that make the Player and NPCs lose clothes \n• An option to steal another inmate's clothes if you are naked \n\nI recommend you play with the 'Brutal Dreams' mod as well. It includes more opportunities for inmates to strip each other, therefore you'll be seeing guards apprehend naked inmates more often. \n\nPing me for bugs and typos \n\nKnown Issues:\n• Does not trigger in off-limits areas, Guard escorts you out instead\nExpected behavior. There's currently no way to prioritize Interactions if multiple are triggered\n\nVersion History: \n1.2.3 \n-FIXED: Start up crash due to adding new Restraint Type \nRemoved new Restraint Type for now \n-ADDED: Latex Straitjacket (from Eliza) compatibility with mods \n\n1.2.2\n-ADDED: Steal another inmate's clothes. \nIf you are naked and win a fight, you have the option of taking an inmate's clothes for you own. \n-ADDED: Mod support \nModded gloves or similar armwear no longer spawns extra arms. Supported mods are:\nStriped Clothing - by Phobos \nMore BDSM Stuff - by DrDurka \n-CHANGED: Reduced Guard encounter rate \nGuards are no longer guaranteed to approach you if you are naked. Chance is around 33% to 80% based on exposure. \n\n1.2.1\n-ADDED: NPC support.\nInmates can now lose clothes, be confronted by Guards, and be equipped with the new uniform if the inmate loses.\nInmates can also recover their clothes if they end up naked (Thanks to Mindstormsman)\n-ADDED: New events that force nudity for both the PC and NPCs\n-CHANGED: New uniform no longer visually hides dicks.\nWas having issues during sex scenes where you would be at full Lust and actively railing someone but your penis was still invisible.\nSchlongs will now be fully visible and accessible while wearing the new equipment.\nButtholes and vaginas will be hidden and blocked from sex unless you are horny (Lust > 50).\n-FIXED: Removed leftover test files\n\n1.0.3\n-FIXED: Inmate Straitjacket no longer disappears in scenesn\n\n1.0.2\n-CHANGED: Inmate Straitjacket restraint level, from static 5, to random\n-CHANGED: Inmate Straitjacket smart lock level threshold increased\n\n1.0.1\n-FIXED: typos\n\n1.0.0\n-initial release\n\n\n\n[center]~~~~~~~~~~~~~~~~~~~~~~~~~~~~~~~~~~~~~~~~~~~~~~~~~~~\n\nGENERAL NOTICE from BDCC:\n\nSeveral inmates have been choosing to go naked during their incarceration. While amusing for some and convenient for many others, uniforms are provided so that they are worn.\n\nMoving forward:\nAll security personnel are authorized to apprehend inmates who violate the non-use of their provided apparel.\n\nNew equipment will be issued to aid in this endeavor and you are to use them as you see fit. Incentives are provided on both personal performance and general effectiveness of the program. Approach your commanding officer for distribution and further questions.\n\n--Management--[/center]\n\n",
    "author": "Lucci-213",
    "modversion": "1.2.3 - 2024-OCT-18",
    "gameversion": "0.1.6"
}