{"name": "Chastity For Everyone", 
"description": 
"[color=#FF1010][u]/!\\[/u] Requires FoxLib [u]/!\\[/u][/color] \n Make random NPCs spawn with permanent chastity cages. You are able to customize rules for inmates, guards, engineers, nurses, as well as for specific gender. You can also choose a chance of spawning a flat cage variant. Currently doesn't affect any non-random NPCs. Mod options are available thanks to FoxLib (go to the \[Mods Options\] in the main menu).\n\n[b]Compatibility:[/b] Mod overwrites game's generation files for NPCs, so as long as they're not changed by any other mod it should be fine (there are simply couple of new lines added to those files). Also there's a possibility of some unexpected behaviour when game doesn't expect character to be caged.", 
"author": "_noro_", 
"modversion": "1.0", 
"gameversion": "0.1.10,0.1.11"}