{
    "name": "Nano Revolution",
    "description": "Name: Nano Revolution\nCategory: Game Edit\nCONTENT WARNING: This mod has some force transformation content. This will warn you when it is about to happen.\nDescription:\nSo this mod is inspired by one of the in-game scenes, where you check the unfinished nano android program, and Sentinel-X, the prototype trying to transform you into the nano android. Unfortunately, this program was stopped by Captain, and Sentinel-X lost its power before full transformation.\nNow, let's imagine what if Alex persuaded Captain to continue that program. Introducing Nano Revolution Mod, this mod realizes the nano android program.\n\nCurrent Features:\n-A new semi-playable specie, nano android. Usually, these androids are perfect guards, following every command and easy to manage. \n(You cannot choose this race in the start of the game, but maybe something terrible (or exciting for some people) could happen when entering a certain room in the engineering bay.)\n-A new dynamic npc type, the nano android. Will frisk you and force tougher punishment if you keep refusing their request. Be careful.\n-A semi completed new skill tree that is closely related to confronting these nano guards.\n\nFuture plan (rank by priority):\n-Fully developed nano engineering skill tree. You can make something really powerful with this skill.\n-More nano android type. nano engineers, nurses, and even android sextoys, enrich the BDCC life. \n-Mature nano species side path. A new skill tree that is closely related to how to use your new body.\n-Since Alex is in charge of this program, more story line and interaction with Alex when you accidentally turn into nano android. \n\nHave fun with these nano androids~ If you have any suggestions, bug reports, typo reports, and even story suggestions, feel free to send me these messages. They are very helpful for my future development. XD\n\nv0.3.0 Update:\n\nNew Contents:\n-Add a controller that can have many functions for current and future work. If you don’t have one, just ask humoi, and she will give you one. \n-Remake the sex doll convert skill, now it will let you hack in the androids through the controller. However, hacking may not be easy, since the android system is secured by the key. After your first hack attempt, you will enter a side quest line to get the key. \n-Add more function to sex mode, now the android entering sex mode will perform as a new type of dynamic npc. If you get the correct perk, you can use a controller to call them for sex or fight!\n-Add more stuff to craft! However, most stuff now needs a blueprint, once you get the crafting skill, you can purchase blueprints from Humoi. (In future, you may also get blueprints from Alex!)\n-Maybe something more I forget to mention?\nBug fix:\n- Fix a bug when entering the setting menu, cannot correctly initialize the nano android size setting. \n\n\nv0.2.0 Update:\n-Add a Github page https://github.com/Humoiww/BDCC_NanoRevolution_MOD for this mod, to make the issue collection easier.\n-Add a new character to handle the nano android customization. This character will replace the first nano android encounter, and give an option panel to change your preference. Include android gender, species outfit, body part size, and frequency of their encounter.\n-Nano Core is now no longer a legal item, so if you get some, hide it on your stack before the next guard encounter.\n-In nano transformation scene, your transformation will depend on the current nano android spawning rule, so you may randomly change into a different gender in this transformation.\n-Fix the nano transformation scene when the pc is wearing a permanent chastity cage (or anything labeled as important). Now the assembly line should properly handle this condition. (Yeah, you can’t get rid of it~)\n-Fix a large number of typos across different scenes.\n-Fix a condition when it is possible to craft an item with 0 nano core. Now you need at least 1 core to make something. ", 
    "author": "Humoi",
    "modversion": "0.3.1",
    "gameversion": "0.1.5"
}

