{
  "name": "Brutal Dreams Correctional Center",
  "description": "Makes the game more difficult!\n\nInmate Encounters:\nChance raised dramaticly\nEvent cooldown reduced\nExposure requirement removed\nEnemy level cap removed\n\nSex:\nIf a Dom undresses a Sub the item is deleted\n\nHard Struggling:\nTime to complete the minigame halved\nStamina cost to play the minigame quintupled (5x!!)\nBlindfold hint disabled\nExtra time to complete the minigame when blindfolded removed\n\nThanks to aaron1218 for the idea!",
  "author": "Mindstormsman",
  "modversion": "1.0",
  "gameversion": "0.1.5"
}