{
  "name": "Brutal Dreams Correctional Center",
  "description": "Makes the game more difficult!\n\nInmate Encounters:\nInmates you encounter have a 5% chance to attack you\nSome Inmates will chase you down to attack!\nExpanded the list of locations that they won't chase you to\n\nSex:\nIf a Dom undresses a Sub the item is deleted\nCharacters that have their clothes removed with go to the laundry to get new ones!\n\nHard Struggling:\nTime to complete the minigame halved\nStamina cost to play the minigame quintupled (5x!!)\nBlindfold hint disabled\nExtra time to complete the minigame when blindfolded removed\n\nThanks to aaron1218 for the idea!",
  "author": "Mindstormsman",
  "modversion": "1.7",
  "gameversion": "0.1.6"
}