{
  "name": "Brutal Dreams Correctional Center",
  "description": "Makes the game more difficult!\n\nInmate Encounters:\nInmates you encounter are more likely to attack\nReds are a 50/50\nLilacs have a 50% chance to consider attacking based on your exposure\nGenerals attack based on their lust, don't blue ball them!\n\nSex:\nIf a Dom undresses a Sub the item is deleted\n\nHard Struggling:\nTime to complete the minigame halved\nStamina cost to play the minigame quintupled (5x!!)\nBlindfold hint disabled\nExtra time to complete the minigame when blindfolded removed\n\nThanks to aaron1218 for the idea!",
  "author": "Mindstormsman",
  "modversion": "1.4",
  "gameversion": "0.1.6"
}