{
    "name": "WintersFluffyBodyparts",
    "description": "An expansion of the fluff bodyparts adding a few new parts to the original list including clawed hands, fluffy hoofs and a body with neck fluff. Dynamic NPC Canines, Felines and Equines will now spawn with fluffy bodyparts by default. Original ID's are unchanged so that this can be used in place of the original for dependencies. CHANGELOG: Fixed fluffy breasts not loading in hypertus actually maybe for real this time",
    "author": "Original:Anon and Max-Maxou, Updates: Avery Winters",
    "modversion": "1.4",
    "gameversion": "*"
}