{
    "Winters Equine Penises": {
        "moduleid": "WintersEquinePenises",
        "author": "Avery Winters",
        "files": [
            "res://Modules/WintersEquinePenises/CompatibilityPatches/Hypertus/EquinePenisBarbHyper.gd",
			"res://Modules/WintersEquinePenises/CompatibilityPatches/Hypertus/EquinePenisBarbKnotHyper.gd",
			"res://Modules/WintersEquinePenises/CompatibilityPatches/Hypertus/EquinePenisKnotHyper.gd",
			"res://Modules/WintersEquinePenises/CompatibilityPatches/Hypertus/EquinePenisTaperedHyper.gd"
        ],
		"skinPathDir": "res://Modules/WintersEquinePenises/CompatibilityPatches/Hypertus/Partskins"
    }
}