{
    "Squirrel Species":{
        "moduleid": "EirasTrashSpecies",
        "author": "Originals: Anon, Fantos Updates: Winter Eira, Avery Winters & Moldy Tub",
        "species": {
			"bat": "res://Modules/EirasTrashSpecies/CompatibilityPatches/Hypertus/BatHyper.gd",
			"possum": "res://Modules/EirasTrashSpecies/CompatibilityPatches/Hypertus/PossumHyper.gd",
			"raccoon": "res://Modules/EirasTrashSpecies/CompatibilityPatches/Hypertus/RaccoonHyper.gd",
			"rat": "res://Modules/EirasTrashSpecies/CompatibilityPatches/Hypertus/RatHyper.gd",
			"red panda": "res://Modules/EirasTrashSpecies/CompatibilityPatches/Hypertus/RedPandaHyper.gd",
            "squirrel": "res://Modules/EirasTrashSpecies/CompatibilityPatches/Hypertus/SquirrelHyper.gd",
        }
    }
}