{
	"name": "FoxLib",
	"REM_to_copy_me_check_out": "https://docs.godotengine.org/en/3.5/tutorials/ui/bbcode_in_richtextlabel.html",
	"description": "\n[center][color=#00FFFF][b][shake rate=5 level=7][[[[/shake] Modding enhancer for BDCC [shake rate=5 level=7]]]][/shake][/b][/color] [/center]\n[center][img=128x64]Images/WorldTiles/TrimCaution.png[/img][img=128x64]Images/WorldTiles/TrimCaution.png[/img][img=128x64]Images/WorldTiles/TrimCaution.png[/img][img=128x64]Images/WorldTiles/TrimCaution.png[/img][img=128x64]Images/WorldTiles/TrimCaution.png[/img][img=128x64]Images/WorldTiles/TrimCaution.png[/img] [/center]\n[center][color=#FF8000][u]/!\\[/u] Don't forget to delete old versions of the mod when updating [u]/!\\[/u][/color] [/center]\n\nAdd many features and abilities for BDCC mods such as:\n- Adding custom CrotchBlock for datapacks\n- Adding new perks level tiers\n- Controling more game UI elements\n- Saving NPC Skills/Perk data\n- Gracefully handling fatal errors\n\nFoxLib also additionaly expose more capabilities to datapacks too, please check the in-game editor to see the new blocks FoxLib adds! [wave amp=10 freq=4]:D[/wave]\n\nFoxLib will also use code generation instead of replacing game code for maximum compatibility with your existing mods, you can see in the file list that FoxLib doesn't replace any game files!\n\nFor more info about the FoxLib API, please check the bundled documentation!\n[center][img=128x64]Images/WorldTiles/TrimCaution.png[/img][img=128x64]Images/WorldTiles/TrimCaution.png[/img][img=128x64]Images/WorldTiles/TrimCaution.png[/img][img=128x64]Images/WorldTiles/TrimCaution.png[/img][img=128x64]Images/WorldTiles/TrimCaution.png[/img][img=128x64]Images/WorldTiles/TrimCaution.png[/img] [/center]\n",
	"author": "Fox2Code",
	"modversion": "0.1.0",
	"gameversion": "0.1.6"
}
