{
    "name": "PartOrientPicker",
    "description": "\nMainly for mod developers but users are required to install this if there are mods require it (duh),\nAdds 2 instanced godot scenes for showing only on one side of bodypart/clothing. Will be useless when [url=https://github.com/Alexofp/BDCC/commit/7005248ac53f1217860a55628c409bc25e4e795b]this commit (7005248a)[/url] hits main build\n\n[url=https://github.com/CanInBad/OrientPartPicker]source for developers[/url]",
    "author": "CanInBad",
    "modversion": "R2",
    "gameversion": "*"
}