{
  "name": "B.O.O.P",
  "description": "Behold! The B.O.O.P. (body operational optimization pult). For only for 300 bucks , allows you to change npcs body. (be honest, it's a rewritten character creator).\n\nIt works simply: put it on the target character, take it back and press a button. Since it's considered as BDSM item, there are no restrictions on npcs, but in the case of static and key characters there ~~may~~ be problems, which I can't vouch for (please don't).\n\n
And a few technical points: there are no species bindings for body parts here, and neither is resetting them to standard after changing species. And no, personality, fetishes, etc. cannot be overwritten (yet).\n\n sold by Alex Rynard",
  "author": "DrDurka",
  "modversion": "0.5",
  "gameversion": "0.1.7"
}