{
  "name": "B.O.O.P",
  "description": "Behold! The B.O.O.P. (body operational optimization pult). For only for 300 bucks , allows you to change npcs body, skins and species. (be honest, it's a rewritten character creator).\n\nIt works simply: put it on, talk\meet to target character and press a button. Now it works for all npcs, including static (but you can't change the thickness of static npcs).\n\n
And a few technical points: there are no species bindings for body parts here, and neither is resetting them to standard after changing species. And no, personality, fetishes, etc. cannot be overwritten (yet).\n\n sold by Alex Rynard",
  "author": "DrDurka",
  "modversion": "0.5",
  "gameversion": "0.1.7"
}