{
    "name": "Moo Pill",
    "description": "Adds a pill that relieves sore breasts, and improve lactation\n\npill can be bought at the medical vendomat, or cheated in the Medical category in the debug menu\n\nUPDATE 1.1:\nfixed a case where lactation doesn't start when getting the \"Permanent Lactation\" perk\nmade the Permanent Lactation perk a starting perk cause inherent perks somehow blank the Buffs tab in skills.",
    "author": "Material Defender",
    "modversion": "1.1",
    "gameversion": "0.1.12fix4"
}