{
    "name": "AnonsAquaticSpecies",
    "description": "Packaged the Shark Species and the seahorse species under one mod since they share a body to minimise duplicating parts unnessecarily Also updating the names of species to AnonsNameSpecies so they stay together in mod lists to keep things tidy. Has built in hypertus compat CHANGELOG: Fixed a probable penis generation issue, set up compat with Tapered penis to generate on sharks.",
    "author": "Original: Anon, Updates: Avery Winters & Winter Eira",
    "modversion": "1.1",
    "gameversion": "*"
}