{
    "name": "Hypertus Species Compatibility Layers",
    "description": "This mod [b]REQUIRES HYPERTUS![/b], if not then it will force close the game!!!\nThis mod overwrite most of the species (yes, even the modded ones) that have skin support to have hyperable parts. [b]WILL NOT REPLACE EXISTING NPC![/b] Generate new NPCs to see the mod in action\n\n[b]This version will force all NPC to spawn with anus womb[/b]",
    "author": "CanInBad",
    "modversion": "R3-1",
    "gameversion": "0.1.3"
}