{
    "name": "Hypertus Species Compatibility Layers",
    "description": "Hypertus is required for this mod to function.\nThis mod will replace species based on installed mods.\nThis mod replaces the following species:\n\n# Vanilla  \n - Canine\n - Demon\n - Dragon\n - Equine\n - Feline\n - Human\n\n# Modded  \n - Ampwave\n - Avali\n - Avian\n - Bird\n - Bovine\n - Crow\n - Deer\n - Eastern Dragon\n - Espeon\n - Gryphon\n - Hippogriff\n - Houndoom\n - Kobold\n - Laquine\n - Leafeon\n - Lopunny\n - Lucario\n - Nightstalkers\n - Protogen\n - Rabbit\n - Racoon\n - Rat\n - Seahorse\n - Sergal\n - Shark\n - Skullwolf\n - Snake\n - Sylveon\n - Synth\n - Treenuts\n - Wickerbeast",
    "author": "CanInBad",
    "modversion": "R3",
    "gameversion": "*"
}