{
    "name": "Blindfolds for Snoots",
    "description": "\n\nFor those long in the snoot. \n\nMakes blindfolds and similar eyewear somewhat fit on the heads of modded species. \nNo guarantees, might still look misaligned, but it's better than the default. \n\nSPECIES INCLUDED:\n• Borzoi\n• Felkin\n• Protogen\n• Sergal\n• Southern Sergal\n• Synth\n\n GEAR INCLUDED:\n• Blindfold\n• HypnoVisor (black)\n• HypnoVisor (pink)\n• Leather Blindfold - from More BDSM Stuff\n\n1.0.0\n-initial release\n\n",
    "author": "Lucci-213",
    "modversion": "1.0.5 - 2025-SEP-30",
    "gameversion": "0.1.11fix1"
}