{
  "name": "Npc Defaults Override",
  "description": "Set all NPCs' default likes, fetishes, and personality to specified values. Also removes relationship decay. The default mod settings are to like everything, be submissive, and have 100 affection and lust towards the PC. This can be changed easily by editing the NpcDefaultsOverride.gd file then re-zipping. Version 0.2.0 added ability to set and clamp NPC level and stats.",
  "author": "NotNyx",
  "modversion": "0.2.0",
  "gameversion": "0.1.11fix1"
}