{
    "name": "An Apple A Day",
    "description": "Adds exciting new uses for apples. Now with tarts.\n\nVersion 1.5.5:\n-Fixed a crash if you didn't have CraftingLib loaded. Now it really is optional.\n\nVersion 1.5.4:\n-CraftingLib no longer required; you can now enjoy throwing apples around without having to interact with the cooking system.\n-Added back the ability to add homemade cream directly.",
    "author": "[color=#f776ff]Selinoccino[/color]",
    "modversion": "1.5.5",
    "gameversion": "0.1.12fix4",
}