{
    "name": "Nano Revolution",
    "description": "CONTENT WARNING: This mod has some force transformation content. This will warn you when it is about to happen.\n\n For detailed feature and change log, please check the offcial discord mod page, or go to this mod Github:\n https://github.com/Humoiww/BDCC_NanoRevolution_MOD \n\nSo this mod is inspired by one of the in-game scenes, where you check the unfinished nano android program, and Sentinel-X, the prototype trying to transform you into the nano android. Unfortunately, this program was stopped by Captain, and Sentinel-X lost its power before full transformation.\nNow, let's imagine what if Alex persuaded Captain to continue that program. Introducing Nano Revolution Mod, this mod realizes the nano android program.\n\nCurrent Features:\n-A new semi-playable specie, nano android. Usually, these androids are perfect guards, following every command and easy to manage. \n(You cannot choose this race in the start of the game, but maybe something terrible (or exciting for some people) could happen when entering a certain room in the engineering bay.)\n-A new dynamic npc type, the nano android. Will frisk you and force tougher punishment if you keep refusing their request. Be careful\n-A semi completed new skill tree that is closely related to confronting these nano guards.\n", 
    "author": "Humoi",
    "modversion": "0.2.0",
    "gameversion": "0.1.5"
}

