{
  "name": "Goo Bondage",
  "description": "Adds new restraints with custom effects. If you like weird and goopy bondage things, you might like this. These are added to the pool of NPC restraints and The Announcer's shop.\n\nMouth:\n- Goo Mask\nTorso:\n- Goo Boobs\n- Gooey Corset\nPenis:\n- Null Bulge (P)\nVagina:\n- Null Bulge (V)\nAnus:\n- Sentinel Plug\n\nGoo Boobs and Goo Mask are designed to alter one of the character's body parts on equip and restore it when unequipped, but the on-equip code is only called if you manually \"Put On\" in the inventory or have it forced on you in sex. Debug commands (i.e. \"Force Smart Lock\") and the checkpoint guard won't call it. These items will be missing some effects/visuals in those cases, so I've excluded them from the checkpoint guard's available restraints. Could probably fix with an override, but I'm avoiding overrides with this mod.",
  "author": "Jaycred",
  "modversion": "1.0",
  "gameversion": "0.1.5"
}