{"name": "Piercings Mod", 
"description": 
"Adds customizable version of Risha piercings for player character and NPCs, sold in medical vendomat. You can choose what specific parts of the set you want to see on your character. They're dyeable too.

Currently supports following mods: [i]Eiras Trash Species, Anons Skulldog Species, Anons Base Species Expansion, Sugerør's Character Parts†, Scaile Expansion 2.1, Sergal Species v0.9.[/i]

For yet unsupported species game chooses random model upon equipping - so you could possibly try to make some of them fit.

Changelog: 
• added ability for NPCs to purchase face piercings for themselves.

___
† without newly refined dragon heads, will get supported in a future version\n

@ me on game's discord (#mods-discussion channel) if you have any suggestions or find any bugs."
,
"author": "_noro_", 
"modversion": "1.3", 
"gameversion": "*"}