{
    "name": "SneakUpTease",
    "description": "Adds an alternate interaction upon meeting a guard, engineer or a nurse in an off-limits cell. In this diverging outcome, the trespassing inmate is not immediately detected, and is presented with an opportunity to sneak up on staff. Occasionally, while exploring the space prison, you may also find yourself on the receiving end of this encounter.\n\n- Wearing loud restraints increases the detection rate. On the other paw, wearing staff uniform may trick pawns that have low perception.\n\n- Explicit interactions require successfully enticing the creature into submission. Failing that, available options are limited to playful teasing (which is valid).\n\n- You may edit the files to sidestep consent play, it's fiction and I'm not here to police it. Do note that it's a core mechanic and an intended way to experience the mod.\n\n- There are some branching paths as well as modular dialogues, with the hope to keep each encounter a little more distinct and tailored to some of the character attributes.\n\nCompatibility\n`/Game/InteractionSystem/Interactions/CaughtOffLimits.gd` is overridden to allow a detour into the alternate interaction, and to include two methods to compute its chances. Any other file is a new addition and shouldn't cause conflicts as long as the filenames are unique.",
    "author": "keerifox",
    "repository": "https://github.com/keerifox/BDCC-SneakUpTease",
    "modversion": "0.3.3",
    "gameversion": "0.1.9,0.1.8"
}
