{"name": "Piercings Mod", 
"description": 
"Adds customizable version of Risha piercings for player character, sold in medical vendomat, (more modded species are also planned to be covered). You can choose what specific parts of the set you want to see on your character. They're dyeable too.\n
\n
For yet unsupported species game chooses random model upon equipping - so you could possibly try to make some of them fit.\n
\n
Changelog: 
• fixed picking random models for unsupported species -  it now only changes on item being eqquiped;\n
• added support for following mods: [i]Eiras Trash Species, Anons Skulldog Species, Anons Base Species Expansion†, Sugerør's Species Pack‡;[/i]\n
• added support for nightstalker species from [i]Scalie Expansion[/i].\n
\n
† [i]'saber'[/i] type of species currently experience chin piercing clipping over the tooth. This issue will be addressed  in a future version.\n
‡ without [i]draconichead1/2/3[/i]\n
\n
@ me on game's discord (#mods-discussion channel) if you have any suggestions or find any bugs."
,
"author": "_noro_", 
"modversion": "1.1", 
"gameversion": "*"}