{
    "name": "Water Pistol",
    "description": "\n\nAdds a new weapon that can store and shoot fluids. \nFunctionally, a Plastic Bottle with a multi-use Throw Condom attack. \n\nNew attack is listed under 'Special' when in combat\n\nVisit/talk to the Nurse (not Dr. Quinn) in Medical to get one for free \n\n- Randomly drops from defeated Nurses\n- Randomly appears when you loot medical storage",
    "author": "Lucci-213",
    "modversion": "1.0.0 - 2024-NOV-15",
    "gameversion": "0.1.6"
}