{"name": "Chastity Belts Mod", 
"description": 
"Adds a new BDSM restrain type of chastity belts. They come in every combination of covering penis/vagina/anus. Sold by the Announcer.

Changelog: 
• Added permanent variants, sold by Mirri, permanent variants covering the anus are only available through the debug menu.
• New model for Vagina Chastity Belt (no anus cover) - now without the cut-out for a penis.


@ me on game's discord (#mods-discussion channel) if you have any suggestions or find any bugs."
,
"author": "_noro_", 
"modversion": "1.1", 
"gameversion": "*"}