{
    "name": "WintersEquineCollection",
    "description": "A grouped mod for the various equine penis mods in a single file with skin support for almost all skins on each option. Should spawn with dynamic NPC generation on most Modded races and thanks to @Raznaak's research should only spawn on the correct genders. Should auto patch itself to work alongside BallsExtra by @NatiM6 (will need to be loaded after BallsExtra) and work fine without. Note: Will currently create a duplicated Deer Penis if used alongside Ace's Deer Race.",
    "author": "Avery Winters",
    "modversion": "1.1",
    "gameversion": "0.1.6"
}