{
  "name": "Npc Defaults Override",
  "description": "[b]Version 0.3.0[/b]\n[b]Requires:[/b] FoxLib\n\nThis mod lets customize dynamic NPCs:\n\n[b]Core features[/b]\n- Override NPC personalities (Brat, Mean, Subby, Impatient, Naive, Coward)\n- Set default affection and lust towards the player\n- Configure liked fetishes and kinks\n- Lock NPC relationships to prevent affection/lust decay\n\n[b]Level & stats[/b]\n- Set a forced NPC level\n- Set and clamp base Lust, Pain, and Stamina values\n\n[b]Configuration[/b]\n- All settings can be edited in-game under [color=#00FFFF]Mod Settings → NpcDefaultsOverride[/color]\n- You can also edit [i]NpcDefaultsOverride.gd[/i] directly and re-zip the mod\n\nIf you run into any issues, please feel free to message me on Discord.\n",
  "author": "NotNyx",
  "modversion": "0.3.0",
  "gameversion": "*"
}
