{
  "name": "Alendi Species",
  "description": "A kind of strange alien cat from the outskirts of known space. Sabretooth, four ears, no breasts, and total fluffiness. As it turns out, inhabitants of other worlds who don't know the local rules also end up in jail here... \n • Built-in alendi penis supports Balls Extra (I hope), Hypertus support is WIP. \n • Works better with the 'WintersFluffyBodyparts' (floof bodyparts) and 'AnonsBaseSpeciesExpansion' (for sabretooth heads) mods. \n • Adds penis with barbs trait and special ears as its own parts. \n • Tests are needed due to my unusual development methods (this is my first mod).",
  "author": "Sophia & Sophel",
  "modversion": "1.3",
  "gameversion": "0.1.11fix1"
}