{
  "name": "Heat and Behavior Traits",
  "description": "This mod adds unique species effects for both player and NPC characters, covering over 60 in-game species with a focus on newer mods. Effects are enhanced during heat state. Each effect features a modded icon texture for easy distinction from vanilla content. \n • Expands the status system by adding special effects for over 60 vanilla, modded and duplicates species (for ex. 'Deer' and 'deer' IDs). \n • Effect effects depend on the 'In Heat' status (more conditions and effect variations are coming soon). \n • Effects may be balanced in the future (feedback and balance suggestions are welcome). \n • Custom Icons: Each status has a unique icon, clearly setting it apart from vanilla icons and avoiding visual duplication. (Icons are subject to future polish). \n • Species supported so far: Absol, Alendi, Ampwave, Ariral, Avali, Avian, Bat, Bovine, Canine, Charizard, Cow, Crow, Deer, Demon, Dragon, Eastern Dragon, Eevee, Elf, Equine, Espeon, Feline, Felkin, Flareon, Gardevoir, Glaceon, Goat, Gryphon, Hippogriff, Houndoom, Human, Ice Jogauni, Jolteon, Kobold, Laquine, Leafeon, Lopunny, Lucario, Lycan Dusk, Lycan Midday, Lycan Midnight, Mew, Nano Android, Nido, Nightstalker, Ori, Possum, Protogen, Puro, Rabbit, Raccoon, Raichu, Rat, Red Panda, Renamon, Seahorse, Shark, Sheep, Skulldog, Snake, South Sergal, Squirrel, Sylveon, Synth, Umbreon, Vaporeon, Wickerbeast, Zordian \n \n Changelog: \n --- Version 1.6: \n • First published release. \n --- Version 1.7: \n • Arirals have been added to the list. \n • First iteration of balancing (I will be waiting for comments and suggestions for reasonable (more lore-friendly) bonuses, as I am not very familiar with some of the species) \n --- Version 1.8: \n • New starting perk: 'Permanent Heat' as opposed to the existing 'No Heat' \n • New species: Lucario, Synth, Crow, Ampwave, Elf, Nano Android and 'Racoon' duplicate",
  "author": "Sophia & Sophel",
  "modversion": "1.8",
  "gameversion": "*"
}