{
  "name": "Heat and Behavior Traits",
  "description": "This mod provides species-specific effects. A significant amount of work has been done to migrate to the new code. The effects in this mod now have three states: Stable, It's Heat, and Tired. The effects depend on the current genitalia set and breast size, covering seven different combos, which opens up extensive possibilities for adding gender-specific behavior in the future. \n • Not all species have migrated to the new code yet (~40% complete). \n • Expands the status system, adding special effects for over 60 standard, modified, and duplicated species (e.g., ID 'deer' and 'Deer'). \n • Effects can be stronger in heat and weaker when tired. \n • Starting trait 'Permanent Heat' \n • Effects still need to be balanced and lored. \n • Anyone can suggest changing icon colors, images, and effects in different states, or request to make the transition earlier for a specific species. \n • Currently updated species (Species not mentioned use the old code for now): Alendi, Ariral, Avali, Avian, Bat, Bovine, Canine, Charizard, Cow, Deer, Demon, Dragon, Elf, Equine, Feline, Goat, Human, Ice Jogauni, Kobold, Mew, Nano Android, Possum, Protogen, Rabbit, Raccoon, Rat, Red Panda, Shark, Sheep, South Sergal, Squirrel, Synth",
  "author": "Sophia & Sophel",
  "modversion": "2.1",
  "gameversion": "*"
}