{
    "name": "Nano Revolution",
    "description": "Name: Nano Revolution\nCategory: Game Edit\nCONTENT WARNING: This mod has some force transformation and absorption content. This will warn you when it is about to happen.\n\nDescription:\nSo this mod is inspired by one of the in-game scenes, where you check the unfinished nano android program, and Sentinel-X, the prototype trying to transform you into the nano android. Unfortunately, this program was stopped by Captain, and Sentinel-X lost its power before full transformation.\nNow, let's imagine what if Alex persuaded Captain to continue that program. Introducing Nano Revolution Mod, this mod realizes the nano android program.\n\nCurrent Features:\n-A new semi-playable specie, nano android. Usually, these androids are perfect guards, following every command and easy to manage. \n(You cannot choose this race in the start of the game, but maybe something terrible (or exciting for some people) could happen when entering a certain room in the engineering bay.)\n-Two new pawn types! Integrate with the 0.1.6 interaction system. Now you have chance to meet two kinds of Nano Android: Sex Doll and Guard\n-A mostly completed new skill tree that is closely related to confronting these nano guards.\n-A semi completed skill tree when you become something.\n\nFuture plan (rank by priority):\n-Fully developed nano engineering skill tree. You can make something really powerful with this skill.\n-Even More nano android types. nano engineers, nurses, and servers fully under your command , enrich the BDCC life. \n-Mature nano species side path. Extend new skill tree that is closely related to how to use your new body.\n-Since Alex is in charge of this program, more story line and interaction with Alex when you accidentally turn into nano android. \n\nFor Mod Use Beginner:\nWhen you download the newest version of mod, please disable/delete all previous version to avoid any possible conflict bugs! X3 \n\nHave fun with these nano androids~ If you have any suggestions, bug reports, typo reports, and even story suggestions, feel free to send me these messages. They are very helpful for my future development. XD",
    "author": "Humoi",
    "modversion": "0.5.0",
    "gameversion": "0.1.7"
}

