{
    "name": "Nudity Police",
    "description": "\n\nNudity will not go unpunished!\n\nMod Features:\n-Guards will approach you if they see you walking around naked\n-Defeat or Surrender will result in a special uniform being equipped on the player\n-This new uniform is also a piece of bondage gear\n-It will be difficult to remove and also block any perks that require you to be 'Completely Naked'\n-Yes, I am specifically targeting Exhibitionism perks :)\n\nI recommend using this along side the 'Brutal Dreams' mod. Otherwise there's no way for you to lose your uniform unless you unequip it.\n\nPing me if you find any bugs or typos:\n\nKnown Issues:\n---Straitjacket disappears during scenes, like Showering or Sleeping\n-Base game issue. This also happens with the regular Straitjacket you get from Eliza's experiments. No known fix. Ping me if you have any ideas on how to fix it.\n\nVersion History:\n1.0.2\n-changed: Inmate Straitjacket restraint level, from static 5, to random\n-changed: Inmate Straitjacket smart lock level threshold increased\n\n1.0.1\n-fixed: typos\n\n1.0.0\n-initial release\n\n\n\n[center]~~~~~~~~~~~~~~~~~~~~~~~~~~~~~~~~~~~~~~~~~~~~~~~~~~~\n\nGENERAL NOTICE from BDCC:\n\nSeveral inmates have been choosing to go naked during their incarceration. While amusing for some and convenient for many others, uniforms are provided so that they are worn.\n\nMoving forward:\nAll security personnel are authorized to apprehend inmates who violate the non-use of their provided apparel.\n\nNew equipment will be issued to aid in this endeavor and you are to use them as you see fit. Incentives are provided on both  personal performance and general effectiveness of the program. Approach your commanding officer for distribution and further questions.\n\n--Management--[/center]\n\n",
    "author": "Lucci-213",
    "modversion": "1.0.2",
    "gameversion": "0.1.6"
}