{"name": "Chastity For Everyone", 
"description": 
"[color=#FF1010][u]/!\\[/u] Requires FoxLib, Requires Chastity Cage Flat Remix [u]/!\\[/u][/color] \n [wave amp=25 freq=2]INMATE GENERATION FINALLY WORKS, HURRAH![/wave] \n Make random NPCs spawn with permanent or non-permanent chastity cages. It's customizable: you are able to change rules for inmates, guards, engineers, nurses, as well as for specific gender. You can also choose a chance of spawning a flat and/or permanent cage variants. Currently doesn't affect any non-random NPCs. Additionally, adds chastity police mechanic - staff can now stop player or NPC inmates who somehow got rid of their cages, including the player. Mod options are available thanks to FoxLib (go to the [Mods Options] in the main menu).\n\n @ me on game's discord (#mods-discussion channel) if you find any bugs"
,
"author": "_noro_", 
"modversion": "2.2", 
"gameversion": "0.1.10,0.1.11"}