{
    "name": "Hypertus",
    "description": "\n[b]WARNING: This contains hyper stuff, if you dislike it then leave[/b]\n\nThis mods [i][b]adds[/b] (not replace)[/i] new body parts that just are like the normal ones but you can upgrade them in a new skill tree that comes with this mod.\n[img=16]res://Images/World/important.png[/img][b]Said body parts are in form of breast, penises, vagina, and anus.[/b][img=16]res://Images/World/important.png[/img]\nThis mod also have capability layers that use the looks of your favorite body parts mod, including ones from species mod that add one of the 4 body part categories mentioned.\n\nYou can gain experience points of said skill tree by invest in vanilla perks and then sleep, each time you wake up you will be notified how much of them you get.\nYou can then spend those point to add ridiculous amount of perks to your body parts.\nPlease do note that some perks might be hidden due to not meeting the requirement for the perk.\n\nThere is a draft of the story but it isn't complete in anyway and some glimpse of it can be read in the perks' description.\n\nThere are compatibility layers mods that make all species including the modded one have the body parts this mod provides\n\nIf you want to play Hypertus in your current save (not recommended), you have to enable debug mode and change body parts to be the hyperable version.\n\nHas compatibility layer between these mods:\n - Synth Species\n - Knotted Horse Cock\n - Fluffy Bodyparts\n - Avali Species (both version)\n - Ace's Aviary Addon\n - Transgender Flat Chest\n\nIf you have any feedback send it in #mods-discussion and ping me,\nor open an issue on [url]https://github.com/CanInBad/HypertusMod/issues[/url].",
    "author": "CanInBad",
    "modversion": "R3-4",
    "gameversion": "0.1.2"
}