{
	"name": "Export Encounter Preferences",
	"description": "\n\nWith this mod you are able to import and export your preferences for NPC Encounters.\nTo access these options you need to locate [Preferences] button inside your cell.\n\nFor those who do not know, Encounter preferences are located inside Me >> Encounters and they determine things such as NPC gender probability, specie probability, etc\n\nThis mod is in very early alpha and bugs are bound to happen so please report anything to Mari on the BDCC discord.",
	"author": "Mari",
	"modversion": "1.0alpha",
	"gameversion": "0.1.11fix1"
}