{
  "name": "More BDSM stuff",
  "description": "The update is mostly technical, so there will be bugs and inconsistencies. \n\nLets start with the important stuff: \n\nItem settings will reset. Ive changed the save data for items, reduced and unified them, so theyre easier to work with now. \n\nAgain tried to tighten compatibility with mods on species and, in general, if the mod does not change the legs somehow too radical, everything should work. \n\nOn items:\n\nAdded a hood for the suit and a separate one as a bondage. For all the original species models are there, with mods.... well, it shouldnt be too bad.\n\Add the cock ring well, does pretty much what it says in the description - keeps you from cumming. More of a test item. \n\nI want to do a little digging with the toys, but its going to take a long time.\nIll list the rest of the little things. \nEverything is sold by Announcer. \n\nButt Plug \nPink vibrator \nLeather Blindfold \nLeather Bondage Mittens (extended) \nLeather Wrist Cuffs \nLeather Ankle Cuffs \nHarness \nLatex Suit (ring slot!!) (extended)(new) \nLatex Mittens (extended) \nLatex Gloves (extended) (new) \nBondage hood (new) \nButt plug L2 (new) \nCock ring (new)",
  "author": "DrDurka",
  "modversion": "0.33",
  "gameversion": "0.1.7"
}