{
  "name": "More BDSM stuff",
  "description": "Adds more restraints and toys.\nNow the ring works. And yes, fixes again, but now I have a +- sane bug test, so hopefully there will be less of this sort of thing.\n\n fixed the crash when interacting with Avi, and random npcs. \n\nEverything is sold by Announcer. \n\nButt Plug \nPink vibrator \nLeather Blindfold \nLeather Bondage Mittens (extended) \nLeather Wrist Cuffs \nLeather Ankle Cuffs \nHarness \nLatex Suit (ring slot!!) (extended) \nLatex Mittens (extended) \nLatex Gloves (extended) \nBondage hood \nButt plug L2 \nCock ring (new)(fixed)",
  "author": "DrDurka",
  "modversion": "0.34 fix1",
  "gameversion": "0.1.7"
}