{
  "name": "More BDSM stuff",
  "description": "Adds more restraints and toys.\nThe big one: finished a small system for toys. Currently overclocking sensitivity (this... will happen a bit abruptly at scene transitions), raising arousal and lust over time. If you leave them on on the slave, they will still work, but arousal will only go up to 90. Can be switched either from inventory or with the remote.\n\nStill in test mode, I want to prescribe some scenes and events, but it's long, so I need to make sure it works correctly for the most part.\n\nTo items:\nYou can now add a tail for a suit.\nAdded 6 more variations to the harness.\nAdded a small animation for the bag and new muzzles\nAll items except toys, ring and suit can now be forced on you. (They are quite durable and hard to take off, so if you think this is unnecessary, let me know)\n4 new items:\nLeather muzzle  gag\nLatex muzzle ring gag\nBreast massager\nToys remote\n\nEverything is sold by Announcer.\n\nButt Plug (extended)(new)\nPlug L2 (extended)(new)\nPink vibrator (extended)(new)\nLeather Blindfold\nLeather Bondage Mittens (extended)\nLeather Wrist Cuffs\nLeather Ankle Cuffs\nLeather muzzle  gag (new)\nHarness (extended)(new)\nLatex Suit (ring slot!!) (extended)(new)\nLatex Mittens (extended)\nLatex Gloves (extended)\nLatex muzzle ring gag (new)\nBondage hood (fix)\nCock ring\nBreast massager (new)\nToys remote (new)",
  "author": "DrDurka",
  "modversion": "0.35fix1",
  "gameversion": "0.1.8"
}