{
  "name": "More BDSM stuff",
  "description": "Adds more restraints and toys.\nDescription: Adds more restraints and toys.\nThe big one:\n Added bitchsuit (petplay staff), only 3 scenes and 2 events for now. In short - you can dress up bitchsuit, walk almost all over the station, suck dicks and receive treats.  I will gradually fill the map with scenes, but not yet new events. I am still afraid of overlapping, if this happens - write to me.\n\nThe little one:\nFixed a bug with toys, in which lust continued to accumulate, I still advise you to remove them and put them on. Also slightly changed their own calculation of the increase in lust and added a little vibration when they are turned on.\nRemade leather mittens, added socks(?), and changed the overall texture.\n\nAnd 6 new items:\n2 armbinders\n3 chastity cages\nleather corset\n\nEverything is sold by Announcer.\n\nButt Plug (extended)(new)\nPlug L2 (extended)(new)\nPink vibrator (extended)\nLeather Blindfold\nLeather Bondage Mittens (extended)(new)\nLeather Wrist Cuffs\nLeather Ankle Cuffs\nLeather muzzle  gag\nLeather corset (extended)(new)\nLeather armbinder(new)\nLeather muff bondage(new)\nHarness (extended)\nLatex Suit (ring slot!!) (extended)\nLatex Mittens (extended)\nLatex Gloves (extended)\nLatex muzzle ring gag\nBondage hood (fix)\nCock ring\nBreast massager\nToys remote\nChastity cage C1 (new)\nChastity cage C2 (new)\nChastity cage C3 (new)",
  "author": "DrDurka",
  "modversion": "0.36fix2",
  "gameversion": "0.1.11fix1"
}