{
    "SongsHoofySpecies":{
        "moduleid": "hoofyspecies",
        "author": "Songjo, classic species: Avery Winter",
        "species": {
            "scow": "res://Modules/SongsHoofySpeciesModule/Compatibility/Hypertus/SCowHyper.gd",
			"sdeer": "res://Modules/SongsHoofySpeciesModule/Compatibility/Hypertus/SDeerHyper.gd",
			"sgoat": "res://Modules/SongsHoofySpeciesModule/Compatibility/Hypertus/SGoatHyper.gd",
			"bovine": "res://Modules/SongsHoofySpeciesModule/Compatibility/Hypertus/BovineHyper.gd",
            "deer": "res://Modules/SongsHoofySpeciesModule/Compatibility/Hypertus/DeerHyper.gd",
            
        }
    }
}