{"name": "Piercings Mod", 
"description": 
"Adds customizable version of Risha piercings for player character, sold in medical vendomat. You can choose what specific parts of the set you want to see on your character. They're dyeable too.

Currently supports following mods: [i]Eiras Trash Species, Anons Skulldog Species, Anons Base Species Expansion, Sugerør's Species Pack†, Scaile Expansion 2.1, Sergal Species v0.9;[/i]

For yet unsupported species game chooses random model upon equipping - so you could possibly try to make some of them fit.

Changelog: 
• added support for: [i]Scaile Expansion 2.1[/i] and [i]Sergal Species v0.9[/i];
• lowered the price to 25 credits (from 35 credits).

___
† without [i]draconichead1/2/3[/i]\n

@ me on game's discord (#mods-discussion channel) if you have any suggestions or find any bugs."
,
"author": "_noro_", 
"modversion": "1.2", 
"gameversion": "*"}