{"name": "Chastity For Everyone", 
"description": 
"[color=#FF1010][u]/!\\[/u] Requires FoxLib, Requires Chastity Cage Flat Remix [u]/!\\[/u][/color] \n Make random NPCs spawn with permanent or non-permanent chastity cages. It's customizable: you are able to change rules for inmates, guards, engineers, nurses, as well as for specific gender. You can also choose a chance of spawning a flat and/or permanent cage variants. Currently doesn't affect any non-random NPCs. Additionally, adds chastity police mechanic - staff can now stop player or NPC inmates who got rid of their mandated cages, including the player. Mod options are available thanks to FoxLib (go to the [Mods Options] in the main menu).\n[b]Changelog: [/b]\n• Updated to the new game version\n• Fix for a bug when you were still stopped by the guards even if you finished Eliza's obedience training and decided to be released from chastity\n• New setting allowing you to apply any setting changes you make to old NPCs (although, it won't uncage them)\n• Default inspection chance is now 50%\n• Minor settings' description improvements.\n\n @ me on game's discord (#mods-discussion channel) if you find any bugs"
,
"author": "_noro_", 
"modversion": "2.21.1", 
"gameversion": "0.1.12"}