{
    "name": "WintersTaperedPenises",
    "description": "A collection of the Tapered penises from the Aviary mod. Decided to seperate these off solo so that they can be used with other mods and species that would benefit from slits and tapered penises without needing a whole race as a dependency. CHANGELOG: Updated the slit dick to look smoother and mitigate it coming off the body in some animations. Added built in compatibility for BallsExtra & Hypertus NOTE: Since these run new Mod ID's doesnt hurt to back up your saves, or wait till your starting a new game to update.",
    "author": "Avery Winters",
    "modversion": "1.0",
    "gameversion": "*"
}