{
    "name": "Issix Mod",
    "description": "\nTags: M/player, M/M, petplay, slavery, corruption, degradation, watersports, parasite\n\nIssix is a demonic dragon sick entirely of the world around, finding peace in BDCC facility. His idea of paradise is to own slaves to keep him company, do YOU want to join him?\n\nIssix mod adds 4 male characters to the game - Issix as a dominant demonic dragon who is a master to Azazel, Hiisi and Lamia - his loyal pets. Mod is mainly directed at subby players, as its the player who can join Issix's harem as one of his pets.\n\nFeatures:\n* 4 main characters, all with some interactions coded in, you can help Lamia categorize their artwork, get some drugs for Azazel and play Rock Paper Scissor with Hiisi\nMultiple utility items, some items are helpful in combat, some are cosmetics.\n* 78 scenes, 150k+ words - it's mainly text story expansion\n* 2 paths leading to player's enslavement by Issix\n* Many minigames\n* Pet-play focus with accompanying \"skills\"\n* Some entirely opt-in fetishy content here and there (watersports, parasite, non-con, corruption, musk, drug use, soul-vore)\n\nMod assumes player takes an anthro form.\n\n",
    "author": "Frisk",
    "repository": "https://git.frisk.space/Frisk/Issix-mod",
    "modversion": "1.0.1",
    "gameversion": "0.1.12"
}
