{
    "name": "Issix Mod",
    "description": "\nTags: M/player, M/M (implied), petplay, slavery, corruption (of PC, opt-in), degradation, watersports (in-game toggle content), parasite (future, opt-in)\n\nIssix is a demonic dragon sick entirely of the world around, finding peace in BDCC facility. His idea of paradise is to own slaves to keep him company, do YOU want to join them?\n\nIssix mod adds 4 characters to the game - Issix as a dominant demonic dragon who is a master to Azazel, Hiisi and Lamia - his loyal pets. Mod is directed at players who when playing video games prefer to put themselves in submissive roles, as its the player who can join Issix's harem as one of his pets.\nCurrent state of the modification is that its released in Alpha (hah) stage this means that features leading to enslavement are mostly implemented and from then on its placeholder land.\n\nCurrent features:\n* 4 characters, all with some interactions coded in, you can help Lamia categorize their artwork, get some drugs for Azazel and play Rock Paper Scissor with Hiisi\n* 17 scenes, sort of meaningless number, but likely enough of content for at least an hour of gameplay with plans for expansion in the future\n* 1 quest leading to player's voluntary enslavement by Issix\n\nPlanned content:\n* More content after player is enslaved which is currently missing\n* Prostitute role\n* \"Hard mode\" with less choice and total submission to Master\n* Alternative route leading to enslavement\n* Expansion of content for all characters\n\nMod assumes player takes an anthro form, in the future it might be changed but if it's a deal breaker you should know.\n\nEveryone is welcome to contribute to the mod over on GitHub at https://github.com/Friskygote/Issix-mod.",
    "author": "Frisk",
    "repository": "https://github.com/Friskygote/Issix-mod",
    "modversion": "0.9",
    "gameversion": "0.1.7"
}
