{
    "name": "Hypertus",
    "description": "\n[b]WARNING: This contains hyper stuff, if you dislike it then leave[/b]\n\nHypertus adds hyper-sized bodyparts (breast, penises, vagina, and anus.) to BDCC, along with several new features!\n\nThese features include:\n* New skill tree and perks. Get bonuses as your hyper bodyparts grow!\n* Go beyond vanilla size limits. Dicks as big as a person! Or even larger!\n* NPC support! (Requires additional mod - Hypertus Species Compatibility Layers)\n* Compatible with several modded species and bodyparts! (see list below)\n - Synth Bodyparts\n - Fluffy Bodyparts\n - Avali Species Bodyparts\n - Ace's Aviary Addon Bodyparts\n - Trans Scar Chest\n - Crow Species Bodyparts\n - Deer Species Bodypart\n - Knotted Horse Cock\n - Barbed Equine Penis\n - Spined Dragon Penis\n\nIf you have any feedback send it in #mods-discussion and ping me,\nor open an issue on [url]https://github.com/CanInBad/HypertusMod/issues[/url].\n\n# Changelog\n * change metadata to newer version.\n * change checking editor logic, only meant to load stuff when in editor only as the mod is shipped without those files.\n * change description. Thanks lucci1138. [url=https://github.com/CanInBad/HypertusMod/issues/10]#10[/url]\n * fixes not able to buy the raygun with no hyperable breast or penis [url=https://github.com/CanInBad/HypertusMod/issues/21]#21[/url]",
    "author": "CanInBad",
    "modversion": "R6-5",
    "gameversion": "0.1.12,0.1.5,0.1.6,0.1.7,0.1.8,0.1.9,0.1.10,0.1.11"
}