{
    "name": "WintersOriPuroSpecies",
    "description": "Updated and combined the Puro & Ori species to work with skins and colours. Originals made by Eurygrey. Has built in hypertus compatibility CHANGELOG: Moved the puro mask colourings to the horn slot so it can be coloured seperately to the head colourings and enabled body writing on both puro and ori . NOTE: Since these run new Mod ID's doesnt hurt to back up your saves, or wait till your starting a new game to update.",
    "author": "Orginal: Eurygrey Remake: Avery Winters",
    "modversion": "1.1",
    "gameversion": "*"
}