{
    "name": "UwuSpeak",
    "description": "Adds a perk that allows you to speak like those internet catfolk.\nConfigurable with FoxLib, which can allow you to make NPCs and the player use UwuSpeak under some conditions.\n\nVersion 1.2:\n-Added even more options. You can now disable pretty much every part of UwuSpeak, maybe even just use it to make your character sound more subby.\n-Fixed very short words being changed and distorting meaning.\n-Fixed those tilde symbol things (~) appearing twice.",
    "author": "[color=#f776ff]Selinoccino[/color]",
    "modversion": "1.2",
    "gameversion": "0.1.12fix4",
}