{
    "name": "WintersOriPuroSpecies",
    "description": "Updated and combined the Puro & Ori species to work with skins and colours. Originals made by Eurygrey. Has built in hypertus compatibility CHANGELOG: Straightened the Puro skull so it shouldnt move around during sex positions. NOTE: Since these run new Mod ID's doesnt hurt to back up your saves, or wait till your starting a new game to update.",
    "author": "Orginal: Eurygrey Remake: Avery Winters",
    "modversion": "1.2",
    "gameversion": "*"
}