{
    "name": "Quick Sell",
    "description": "\n\nSelling/Buying an item from a Vendomat or The Announcer no longer kicks you out of the menu, allowing you to buy/sell multiple items quickly\n\nWarning:\nMay lead to accidental sales or purchases\nAll transactions final. No refunds or buybacks\n\n1.1.0\n--ADDED: Shopping Receipt: shows summary of credits and items after every transaction\n--FIXED: The Announcer talking thru Alex\n\n1.0.0\n-initial release\n\n",
    "author": "Lucci-213",
    "modversion": "1.1.0 - 2025-NOV-18",
    "gameversion": "0.1.11fix1"
}