{
  "name": "Forced Fucking",
  "description": "Don't wait, force it in!\n\nAdds forced fucking (and more forceful deepthroating), and improved Knot Fucking (including when riding a sub), based on Mindstormsman's KnotFucking mod.\nAlso functions as a patch to fix an issue with sensitivity.\nEdits Sex activity, so compatibility is your luck. Not compatible with Mindstormsman's KnotFucking, or my Sensitivity bugfix.\n\n Fixed:AI getting caught in a knotfucking loop (fingers crossed this time).",
 
  "author": "Raknar",
  "modversion": "0.3",
  "gameversion": "0.1.7"
}