{
  "name": "Forced Fucking",
  "description": "Don't wait, force it in!\n\nAdds forced fucking (and more forceful deepthroating), and improved Knot Fucking (including when riding a sub), based on Mindstormsman's KnotFucking mod.\nalso functions as a patch to fix an issue with sensitivity.\nEdits Sex activity, so compatibility is your luck. Not compatible with Mindstormsman's KnotFucking!\n\nFixed:Wrong person getting stretched, getting stretched too often, AI getting caught in a knotfucking loop.",
 
  "author": "Raknar",
  "modversion": "0.2",
  "gameversion": "0.1.7"
}