{
    "Winters Tapered Penises":{
        "moduleid": "WintersTaperedPenises",
        "author": "Original: Anon, Updates: Avery Winters & WinterEira",
        "files": [
            "res://Modules/WintersTaperedPenises/CompatibilityPatches/Hypertus/TaperedPenisHyper.gd",
			"res://Modules/WintersTaperedPenises/CompatibilityPatches/Hypertus/TaperedPenisKnotHyper.gd",
			"res://Modules/WintersTaperedPenises/CompatibilityPatches/Hypertus/TaperedPenisSlitHyper.gd"
        ],
		"skinPathDir": "res://Modules/WintersTaperedPenises/CompatibilityPatches/Hypertus/PartSkins/"
    }
}