{
	"name": "QuickStart",
	"description": "\nSkip the introductory scenes and go straight to the cellblock after character creation.\n\nAs a bonus, you're given the option to set your encounter preferences before the first batch of NPC pawns generate. No need to prune unwanted character types from your list after the fact!\n\nFYI: You miss out on 20-50 XP you can earn by fighting Risha in the opening. This mod assumes you chose not to fight her during intake; if you were trying to start the game as quickly as possible, you probably would have done that anyway.",
	"author": "MOON_HALO",
	"modversion": "1.03",
	"gameversion": "0.1.1,0.1.2,0.1.3,0.1.4,0.1.5,0.1.6,0.1.7,0.1.8"
}